{
    "EMBEDDING_DIM": 64,
    "LEARNING_RATE": 0.0008682009009581913,
    "DROPOUT_RATE": 0.18183835729143538,
    "N_LAYERS_USER": 2,
    "N_LAYERS_ITEM": 2,
    "EPOCHS": 10
}